{
  "Ta": 25.5,
  "Tr": 25.5,
  "RH": 50.0,
  "v": 0.1,
  "PMV": -0.22003425344353347,
  "PPD": 6.004336117559632,
  "Q_conv": 21.28390440081615,
  "Q_rad": 24.072620212299718,
  "E_sk": 11.278646887342163,
  "Q_res": 4.881840998128145,
  "L_total": 61.517012498586176,
  "h_c": 3.826355968803739,
  "Tcl": 30.55688543318587,
  "met": 1.0,
  "clo": 0.5,
  "label": "Representative office occupant"
}