Ta,Tr,RH,v,PMV,PPD,Q_conv,Q_rad,E_sk,Q_res,L_total,h_c,Tcl,met,clo,scenario_id,label,description,mechanism_class,recovery_criterion,dominant_loss,local_label,local_value,local_limit,local_satisfied
21.5,21.5,50.0,0.1,-1.7113058302416198,62.35607172895866,32.08050404772629,34.36057195698867,12.343187538538285,5.552514329518285,84.33677787277155,3.928558633596503,28.92378061379179,1.0,0.5,cool_bulk,Whole room too cold,Bulk cool proxy: air and radiant temperature both reduced.,bulk cool,|PMV| ≤ 0.5,radiation,none,,,True
25.5,25.5,50.0,0.1,-0.22003425344353347,6.004336117559632,21.28390440081615,24.072620212299718,11.278646887342163,4.881840998128145,61.517012498586176,3.826355968803739,30.55688543318587,1.0,0.5,cold_radiant_asym,Cold radiant asymmetry,Neutral bulk state with a cold-wall asymmetry represented explicitly as local radiant asymmetry.,local radiant,PPD_radiant ≤ 5%,radiation,PPD_radiant (cool_wall),7.798823512936632,5.0,False
25.5,25.5,50.0,0.1,-0.22003425344353347,6.004336117559632,21.28390440081615,24.072620212299718,11.278646887342163,4.881840998128145,61.517012498586176,3.826355968803739,30.55688543318587,1.0,0.5,draft,Ankle draft,Neutral bulk state with local ankle draft represented explicitly through ankle air speed.,local convective,PPD_ankle_draft ≤ 20%,radiation,PPD_ankle_draft,37.36093017539611,20.0,False
28.0,28.0,50.0,0.1,0.7157060347984602,15.777416833141842,15.009614336506797,17.274062920817894,10.491304883924688,4.42312683829918,47.198108979548564,3.826355968803739,31.566164302688207,1.0,0.5,warm_bulk,Mild warm bulk,Uniform warm-bulk state where multiple levers may recover similar PMV.,bulk warm,|PMV| ≤ 0.5,radiation,none,,,True
25.5,25.5,50.0,0.1,-0.22003425344353347,6.004336117559632,21.28390440081615,24.072620212299718,11.278646887342163,4.881840998128145,61.517012498586176,3.826355968803739,30.55688543318587,1.0,0.5,hot_radiant_asym,Hot radiant asymmetry,Neutral bulk state with a warm-wall asymmetry represented explicitly as local radiant asymmetry.,local radiant,PPD_radiant ≤ 5%,radiation,PPD_radiant (warm_wall),5.914867588855598,5.0,False
28.5,28.5,70.0,0.05,1.1945708484269124,34.98255403838024,11.961678266507924,16.397920951845787,7.951561588251827,3.5592535645492105,39.870414371154745,3.2251017885314295,31.87183159798326,1.0,0.5,warm_humid_still,Warm humid still air,Warm-humid state with low air movement and evaporative constraint.,warm humid,|PMV| ≤ 0.5,radiation,none,,,True
