{
  "Ta": 25.5,
  "Tr": 25.5,
  "RH": 50.0,
  "v": 0.1,
  "PMV": -0.7172729390201847,
  "PPD": 15.825120242553496,
  "Q_conv": 21.686115411433576,
  "Q_rad": 24.539271693647773,
  "E_sk": 11.402619779842162,
  "Q_res": 4.393656898315331,
  "L_total": 62.02166378323884,
  "h_c": 3.826355968803739,
  "Tcl": 30.652447551975513,
  "met": 0.9,
  "clo": 0.5,
  "label": "Representative office occupant"
}