Ta,Tr,RH,v,PMV,PPD,Q_conv,Q_rad,E_sk,Q_res,L_total,h_c,Tcl,met,clo,scenario_id,label,description,mechanism_class,dominant_loss,dominant_note
19.0,19.0,50.0,0.1,-3.4959918232528606,99.95574887680822,40.495952061540805,40.68268436638156,13.025813917698443,5.343396450276001,99.5478467958968,4.115923795945977,27.944611322160597,0.9,0.5,severe_cold_bulk,Severe cold bulk,Uniform cold room where both air and radiant temperatures are depressed.,bulk cold,radiation,radiative loss
23.0,17.0,50.0,0.1,-2.901699911034474,98.59208442110393,22.946928041632844,51.702487120906625,12.094078153871916,4.778530073096446,91.52202338950784,3.826355968803739,28.45200654752273,0.9,0.5,cold_radiant_sink,Cold radiant sink,Moderate air temperature with markedly colder surrounding surfaces.,radiant cold,radiation,radiative loss
20.0,20.0,50.0,0.6,-4.736173321550296,99.99999996627515,68.2294394840182,30.04789463973835,12.811397017273482,5.207581337415808,116.29631247844583,9.372619697821948,26.618018750179942,0.9,0.5,cold_draft,Cold high-airflow draft,Cool room where elevated air speed pushes the occupant into strong convective heat loss.,convective cold,convection,convective loss
32.0,32.0,50.0,0.1,2.071005020955207,79.86477572527953,5.487665496110993,6.4965083939632935,9.128246683017835,3.2539663090107016,24.366386882102823,3.826355968803739,33.30382542539593,0.9,0.5,severe_hot_bulk,Severe hot bulk,Uniform hot room where both air and radiant temperatures are elevated.,bulk hot,evaporation,evaporative loss
29.0,35.0,50.0,0.1,2.05229921950381,79.0683530852383,18.57187322308324,-8.031062893755525,10.27105992543142,3.8071356787514077,24.619005933510543,3.826355968803739,33.41252851921206,0.9,0.5,hot_radiant_gain,Hot radiant gain,Moderate air temperature with strongly overheated surrounding surfaces causing radiant heat gain.,radiant hot,convection,convective loss
31.0,31.0,80.0,0.05,2.1195645721734118,81.85832082232304,6.188204903952439,9.85248126261029,5.423393692986621,2.2465175447596124,23.710597404308963,2.8268185973321445,32.99014138560693,0.9,0.5,hot_humid_still,Hot humid still air,Hot-humid state with low air movement and suppressed evaporative relief.,humid hot,radiation,radiative loss
