scenario_id,scenario_label,scenario_mechanism,lever_id,lever_label,lever_unit,feasible,baseline_value,recovered_value,delta_value,normalized_effort,control_move,baseline_pmv,recovered_pmv,baseline_ppd,recovered_ppd,dominant_channel,system_mode,system_thermal_w,system_exergy_w,dQ_conv,dQ_rad,dE_sk,dQ_res
severe_cold_bulk,Severe cold bulk,bulk cold,radiant,Radiant (Tr only),C,True,19.0,34.8,15.799999999999997,0.718181818181818,15.799999999999997,-3.4959918232528606,-0.48338382792447904,99.95574887680822,9.880933433918116,radiation,radiant heating,891.1199999999999,198.02666666666664,18.53099718143683,-59.21581766456674,0.0,0.0
cold_radiant_sink,Cold radiant sink,radiant cold,radiant,Radiant (Tr only),C,True,17.0,29.5,12.5,0.5681818181818182,12.5,-2.901699911034474,-0.4961674696488565,98.59208442110393,10.144601780307013,radiation,radiant heating,705.0000000000001,156.66666666666669,12.085973385798766,-44.57232929266847,0.0,0.0
cold_draft,Cold high-airflow draft,convective cold,air_temp,All-air (Ta only),C,True,20.0,31.0,11.0,0.5,11.0,-4.736173321550296,-0.49435605184572956,99.99999996627515,10.106811364726056,convection,air heating,663.96,221.32000000000002,-71.64092381185199,19.402521645895884,-3.283065721344343,-1.7636400350660506
severe_hot_bulk,Severe hot bulk,bulk hot,radiant,Radiant (Tr only),C,True,32.0,24.3,-7.699999999999999,0.35,7.699999999999999,2.071005020955207,0.4821865227910199,79.86477572527953,9.856599762844652,radiation,radiant cooling,434.28000000000003,78.96000000000001,-6.987830020948215,28.44458625286548,0.0,0.0
hot_radiant_gain,Hot radiant gain,radiant hot,radiant,Radiant (Tr only),C,True,35.0,27.7,-7.300000000000001,0.33181818181818185,7.300000000000001,2.05229921950381,0.4980438481343035,79.0683530852383,10.183896885168451,radiation,radiant cooling,411.7200000000001,74.85818181818183,-6.836518625410054,27.82650499840182,0.0,0.0
hot_humid_still,Hot humid still air,humid hot,radiant,Radiant (Tr only),C,True,31.0,23.4,-7.600000000000001,0.3454545454545455,7.600000000000001,2.1195645721734118,0.4855295764298718,81.85832082232304,9.924697758455196,radiation,radiant cooling,428.6400000000001,77.93454545454547,-5.34886777573304,27.416266045958814,0.0,0.0
