scenario_id,scenario_label,scenario_mechanism,lever_id,lever_label,lever_unit,feasible,baseline_value,recovered_value,delta_value,normalized_effort,baseline_pmv,recovered_pmv,baseline_ppd,recovered_ppd,dominant_channel,dQ_conv,dQ_rad,dE_sk,dQ_res
severe_cold_bulk,Severe cold bulk,bulk cold,air_temp,All-air (Ta only),C,True,19.0,29.9,10.899999999999999,0.49545454545454537,-2.674729588937161,-0.4803399524794255,96.4075300619194,9.819191876894493,convection,-39.26501347563209,10.651333756357495,-3.079781190388683,-1.8855715231995838
cold_radiant_sink,Cold radiant sink,radiant cold,air_temp,All-air (Ta only),C,True,23.0,31.5,8.5,0.38636363636363635,-2.1510641223046703,-0.49088300051935446,83.09237167061434,10.034751715754126,convection,-28.908592630575427,7.855062690240629,-2.7633114106536407,-1.587614998361198
cold_draft,Cold high-airflow draft,convective cold,air_temp,All-air (Ta only),C,True,20.0,29.6,9.600000000000001,0.43636363636363645,-3.7557406376366504,-0.4849262920631818,99.99443419964834,9.912373192999212,convection,-62.50577440628621,16.88503241827157,-2.755381945650152,-1.6745959417614618
severe_hot_bulk,Severe hot bulk,bulk hot,air_temp,All-air (Ta only),C,True,32.0,23.3,-8.7,0.39545454545454545,2.2494875051881413,0.48899521405532237,86.63410837359925,9.995801995553876,convection,31.058220646847168,-8.650531337250511,2.8875772168481095,1.644173379578754
hot_radiant_gain,Hot radiant gain,radiant hot,air_temp,All-air (Ta only),C,True,29.0,21.0,-8.0,0.36363636363636365,2.2289844086585417,0.4951373160364445,85.9363952209424,10.12309298269254,convection,31.604634891239762,-8.788146608659357,2.3139542332584675,1.4012667073074283
hot_humid_still,Hot humid still air,humid hot,air_temp,All-air (Ta only),C,True,31.0,23.1,-7.899999999999999,0.359090909090909,2.2983253953962923,0.48882553839880966,88.20958832538811,9.9923087017076,convection,30.009103608506813,-8.343657007736574,4.063680153734932,1.9602376937621857
