scenario_id,scenario_label,scenario_mechanism,lever_id,lever_label,lever_unit,feasible,baseline_value,recovered_value,delta_value,normalized_effort,control_move,baseline_pmv,recovered_pmv,baseline_ppd,recovered_ppd,dominant_channel,system_mode,system_thermal_w,system_exergy_w,dQ_conv,dQ_rad,dE_sk,dQ_res
severe_cold_bulk,Severe cold bulk,bulk cold,air_temp,All-air (Ta only),C,True,19.0,32.2,13.200000000000003,0.6000000000000001,13.200000000000003,-3.4959918232528606,-0.4997038929217387,99.95574887680822,10.218788347802686,convection,air heating,796.7520000000002,265.58400000000006,-47.19470353794503,12.838394978969987,-3.979986094040191,-2.1281257927662587
cold_radiant_sink,Cold radiant sink,radiant cold,air_temp,All-air (Ta only),C,True,23.0,33.9,10.899999999999999,0.49545454545454537,10.899999999999999,-2.901699911034474,-0.4838329166573923,98.59208442110393,9.890076531102437,convection,air heating,657.9239999999999,219.30799999999996,-37.07246832228284,10.103986038554496,-3.782461419305376,-1.9019884975242278
cold_draft,Cold high-airflow draft,convective cold,air_temp,All-air (Ta only),C,True,20.0,31.0,11.0,0.5,11.0,-4.736173321550296,-0.49435605184572956,99.99999996627515,10.106811364726056,convection,air heating,663.96,221.32000000000002,-71.64092381185199,19.402521645895884,-3.283065721344343,-1.7636400350660506
severe_hot_bulk,Severe hot bulk,bulk hot,air_temp,All-air (Ta only),C,True,32.0,24.9,-7.100000000000001,0.3227272727272728,7.100000000000001,2.071005020955207,0.49093440500230373,79.86477572527953,10.035814469816742,convection,air cooling,428.5560000000001,142.85200000000003,24.48957315455021,-6.834124175269835,2.448672666302622,1.2344957451954466
hot_radiant_gain,Hot radiant gain,radiant hot,air_temp,All-air (Ta only),C,True,29.0,22.5,-6.5,0.29545454545454547,6.5,2.05229921950381,0.48949347373188656,79.0683530852383,10.006067383356864,convection,air cooling,392.34,130.78,25.12351995923967,-7.014044976570448,1.9507068377154564,1.045276080321722
hot_humid_still,Hot humid still air,humid hot,air_temp,All-air (Ta only),C,True,31.0,24.6,-6.399999999999999,0.29090909090909084,6.399999999999999,2.1195645721734118,0.4822295840971579,81.85832082232304,9.857473855629422,convection,air cooling,386.3039999999999,128.76799999999997,23.88761923877186,-6.654376145284504,3.4139415394229635,1.4647795403006274
